[애플 아이폰14 플러스] 애플 아이폰 14 플러스 256기가 퍼플 (국내 정식 발매 제품) MQ563KH/A,"1,420,000원",https://adcr.naver.com/adcr?x=JYAoB/cOgIyJdRHRegcO8f///w==ks9pI9Er0rzvHi97Ddmozsc8057dcfnaQufllDdS9elpia50daeRHqszeyF4T1s1nqsz6d0nzFpQ3aZo5A+MVam42Ptd6oWNNfDj9SIDFQ4GtqUhA0aO1AppgeJWcLvkpPPBe+LHjS4sGNdMx8hfvy95+yDCMrKVPx188GdUCPNbLG5Hpyku//ehxYfixBV0hE4EPXeHINUli9gbfmI5wodPHDdJKX2U+WB92Yew3tU3LNnVwyWYGCicLGB+hQfqgDEf2JH57EWBbDCK9YGvMnVVhIYyvDCwMiFB1RA6CNo/wuz9WGpDk17G64/yE4WfjPFmSNSo/45svB2K2w0dFlksNV7S4TJiClg89nwC8tOZG+PbvC7tHcCbnHbfpspCbU+OYUG2Ao7XKJuvNZE8OCrgQIDzCg+ow2JsntKBPEYwMI+ybUlDgb13Kx3SiJjAsgeJyN0/lSb6759MYkm46jRkEV/OLDGv2GR29aSugBP94YwtcXKA2AgPVluLh7Lz3t6cXJTlsK0Ams3j6lMz9HHMwkpeQk/nPP1eciJHeT1ttri46+Q3HeyKs66vvht1IEAW14C9XbIKPQP9N7iUBBnLHKFv4rA0x9EGxCyaMwLSREKJbimpHVsYk67o6GDTSfkHQJ6pS2n/npB6eW5tuAO2Bx684yby0ZOEBFkZai3xaRj72SMwokTeDBNsDPqK0Xuxaf+bttYmOTdgh1yXr+li225H/cS5DSmxa/mDoGrMTcxEmTXerffPjmSWoGbGzEyDw37FCLzY89Sy2cns8kviBdbavQDTWJoBmG7TiEl0Lr9iSI3CeNsbAlWFhSs5oSbLkEUeHuHy9Ux8oouL6XDOUnXxkewST+pgKPtnSM+g=
[애플 아이폰14 플러스] 애플 아이폰 14 플러스 256기가 스타라이트 (국내 정식 발매 제품) MQ553KH/A,"1,286,000원",https://adcr.naver.com/adcr?x=kGumfLiVJqV8dir+23fMSf///w==k+6rSljGWSRmhLWqyvi4zK3M+VBolOFugwNLos203LE3Fgfiop/0Lnl2FqyrSaOSuqdfF41opzRzZ5feE3Q/lNNXJ+vEqjpTbg/CY793WKOXpb5wnC9Sw93pfM/9OaPr8N/Jd/XPEGl4CtICC7+mBUk1IFtG9SgW12Ccsbw6nwLctYbojEZTOfQHK3EIcjaYuGJF/MG2Ukz5Xke/VmnlTQ5qcNk7VIbNxD3z8fSVrR90JrCOjPBGuuFcY8t2l2ZOTGR6waykfdIb54rYgDvKAgmLhvIgb+34t9B/3YK1TePHBJ8KgczSls4ETlGTm4QenLZ0QI3RAdhV0i147R6ZOIv5PaSMUK9tfxjEvmyYpetGmEWWP7vU23SieI4prpGH4U5um3i64mEsAbHFN8ShtmCgduLGCinzQLTxAR4pWkB9gPzmj0Ras1ORyINR5qiIXnlDDvB6vlVG/C2I8apNT3+1oafX279QTxprl1HjlaO7JzPH6lZWFVkjU0Tu0XIncik/SegnogmIjkBlIc5PISGDozr6/gNiDJplpBRLyEqFmHuHjjBH3vXwFVpaFD7QwCSe9rxA5cx41x4ofeBqVUMdaQB5se/PuVp+IrOaNBcIT8w5wn7tRTK21y8yObzGrTzSjlE9/gH6eLPmLRwvSrEVcf0rsDpXvB3Fc5ZkEMaQur5ZK5Kw1O7JBxpO56x03Gvy0t0IhlBzEYIjNaY1kU1wfo8OPbwlXkYMKJx1u9N6PJwRGpzlWCQm67lF+vHNdYKjEqii+rmkD54bkxLIOevdIU63kn7NbSAmZIsCvwFPCrCmFxYcM5h+wL05ICsgF0o6SbAy9RH8THP4XnGiNYmhwsYNmHcT62nSfPLT/95A=
[애플 아이폰14 플러스] 애플 아이폰 14 플러스 256기가 미드나이트 (국내 정식 발매 제품) MQ533KH/A,"1,409,000원",https://adcr.naver.com/adcr?x=UCz5o4bDtdCxNkyhxqdLef///w==k2U7lqlu7jyfgj/JUl9WKIK9gGQXtnUrk8zEBlcHL87drA0lqW4xp3HcZBWP3ttwjhTp//pq+/fcPP5pgdkLrKGpeJanebtup++EZoEk8RiSdUdCkT1HOaZcsA4Z6zHuRzOTjK7YawNeutF/otr4GWn0y9nqZDGAB/qWMKfPd36PkLQUgqiY9t96oBgdGNKQOLK+EKrd/k5VwHnwoBsRTWjmiNTC7HK577A5kDDLLOhZoVnFCyhW2Nmc6iPpwEM1YAn7jNLfosz8EyXML42A7xfaOUoW9X+OS1AOpMQ/txCyBOen01xPR8nA44nYrRLen23n12xiKl55YxPGIIFjLupoX3raufIGjKuHBrhzxRzOtgTnicR3Mtg7xoY7sXhx/5g5fV960e5ZnwN7WafTNVHsmHyP1800ZtxlrGBU5tSZJPfyf9xASUVdcAXmxbsBeTbqvzpPS2lRU1Z8djC3ZYrE+flVKmXkjQlTAp7bLEzApc4oE4cPxKJ3iYN0wJ2s2huEs/RL64PD5OqXl/UdtibpQjTkF5Wt8WGV8uGddYhv2C67ObDOTDnxQQP44pdQjHlOdekTyIiNIwmXZMSg5wjNAKLG5yoZPGmFM+7mrCiXRIwhGEMxUygt+WfXEjyWnXz2OvMUm52JV17kY6xD/6RTKXGw1jaVXsONcZ3BdSzvHzXG/zjLdyUzm0EUHMMEZfCeW79eo3KjRxqs2RdoefI7bQq7FgA/VMB/fUrtV+0NZOc4arpfWpyQ7MjlFBkipDEN1/9pz85SNQTI10wf6bOnthYnvb9LbhDLsAc1G9hm1MxTyGfftsKjAa6lKa8SCHJtRTucsVWc1V7fZ0KWBAE+utlskzVxl86gcuOnRJrc=
Apple 아이폰 14 프로 256GB [자급제],"최저1,496,000원",https://cr.shopping.naver.com/adcr.nhn?x=Ig6Gzcc3DyGOP1iyeqnoCv%2F%2F%2Fw%3D%3DstzOHZ8PAvL%2BEvuGfxoAsCHz%2BSPQbXQ159TXVScD1%2FPlHDJsKgV2dQLI4PLgR0Hub9xT7RuYmZegDrK%2BYmup9C%2BozqE7AfU%2BkcaAxI3wSFpi6S66a%2FEgXoiU58ns9GinDVW2g%2FidNxudwU8WAIqB9B99%2BKy%2Fm0d%2BgYWHtEf61Jo5CNclKwvLyA%2Fys%2F%2FHPPajLGRoqXOwi4sMiqUEIBuDDI2NmcbgLr0lu2cCLGgyX7c9vsepmwRk8o%2FCB4DgHhnjVmBpyXrUB5w%2BA%2FE%2F%2Fw%2B6ZQquKWQN4b7WstTXVRp4V%2Fd2Kx7G3krbJiQXzryuwwOqJucNrAUBR1IBJCx2TkpR%2BE3NnDoHKonGu%2BeknfEa%2FZ71KjRp2D9pkBhcJdqPQCXkTYvsUqfhFcgiFhFo0o%2FK4g53vX4F4rjIOCJqhL191SKsLSv5SYzis5SVdiBAX6a8RLFg8nn7UTkg57iNSClx0re6PVlsDCpHcNo%2FcE9xR15OZZd0C6e2Zyps4U6T5DErBZCJVU7bdVikYLVtI1sedQH6btsclMTTxWes%2FwpEsUsdP4PMPHCnudPTZjGRUD3iURnRm%2B4ETj6EtlaSATui%2FvB7Ffa8HFygj2BJJvfABzHE6HJZQgjI8VSlbO1R88zJ2DVCYCaeglF2rgr1u2OQIzQ%3D%3D&nvMid=34561756621&catId=50001519
Apple 아이폰 14 128GB [자급제],"최저1,087,500원",https://cr.shopping.naver.com/adcr.nhn?x=hE9KJvwcteipJJigQD4AXf%2F%2F%2Fw%3D%3Ds1nSsQDZB2dG8oxKpTVsLXUNwnR8fg3SB4Tkdxwpj8axHDJsKgV2dQLI4PLgR0HubDeYnUJaReJ8ntpnXaLn64uozqE7AfU%2BkcaAxI3wSFpi6S66a%2FEgXoiU58ns9GinDVW2g%2FidNxudwU8WAIqB9B99%2BKy%2Fm0d%2BgYWHtEf61Jo5CNclKwvLyA%2Fys%2F%2FHPPajLDrvXWDkBmFj4Dhf1j8%2F6OWNmcbgLr0lu2cCLGgyX7c9vsepmwRk8o%2FCB4DgHhnjVmBpyXrUB5w%2BA%2FE%2F%2Fw%2B6ZQquKWQN4b7WstTXVRp4V%2Fd2Kx7G3krbJiQXzryuwwOqJiOtX8NjTUeCjEf6B7Hy6RQOmG2Za3kf8m%2BGlVsR6t2xKjRp2D9pkBhcJdqPQCXkTqZTd0nN9XRgXd3spuxMEoXWjmq6iOtpttoRSiPr%2FdNoLSv5SYzis5SVdiBAX6a8RheZap5Si1bf6evhI1gIf58%2FFIf4yGPCeFlgQd%2BW1h9K7A%2F0vSPti8cHY4o2fastwarqVU%2F4xZVhxRCBxRCbTj%2B6FnAVBY%2BDLO%2F4WOwWOP14RpOFzCbaM6OU97uoPifjrKpOOCTaE6xs%2Ftyuiq4WU6NSUbCD2wLdxyjuh6PaouvjNjqh%2FZemCCOboDhnweAmG&nvMid=34561821618&catId=50001519
Apple 아이폰 14 256GB [자급제],"최저1,260,000원",https://cr.shopping.naver.com/adcr.nhn?x=wXdS7QqFEaAfvQktenuaRf%2F%2F%2Fw%3D%3DsiZvWqkti7z6N%2FS%2FJzzWaw1FJmYly7ZKpybbbBRpkH4VGjrUjzI8JCL0SQIFxMKUAL6AV1fWCt%2FPFQJwjHhyhSGSGvA2dNZCN9VWlIxUfsCxvMZsjBc2hAMGLDZBOFsLk3LZsBn%2BEzG0j3jxKfp%2BNnoZnlrSZr8PDPdBCvs8uWtdeJxHcKH4rYUhc5SxvGs%2FQAMWzzp%2BKIxQk4V18VqQBNiJO7jbxAC%2FhHJnJbE9pD225SET%2FmTh%2Bwr3iKnDGr9FRwR4jJM2EuVBehPQGVRzw0MCBvacBshbm7ZDG%2Ff8pkkvBz7%2BORHa%2BX777%2F5U82WuFRDpykpOqWZgZqWcBmVwRDSlsNc3b1cqBnPTl46hSK1M6JIeyjRJJG8AQSjlBThBKi99ksoCI1C7hXFnS58NAZgoFdIWnxpmxFcORpRvgALEiNvEAyH7XT6ObGe95mRdUyRFmGb0uBbRbqOZgEqgzhcbbTrOhMmQpEkp4UEtzKmSE4FQdvRmo7oxOSvwywmch4WudCedj%2FZEXjOcVgFIdRS3vMbEoqmf5C0AJpahoWrcNauEcRynSn%2F8orOK7nc90IiUaXcRJrLSXDZwtL0y3qmoMV52XqKTgqSPb%2Fi32EOVXc50eBITwugSNPH3Ok09sVpGw61BSdoQRvEGgfFlc5w%3D%3D&nvMid=34563811621&catId=50001519
Apple 아이폰 14 프로 128GB [자급제],"최저1,371,750원",https://cr.shopping.naver.com/adcr.nhn?x=Rofe5ZwoPf%2FWEInyuar62%2F%2F%2F%2Fw%3D%3DscGe195w6umEBwBJKmU51iZt2D2mUCe5kVc3JEm9SOexHDJsKgV2dQLI4PLgR0HublebuNrAHiRTAQHODSfv4CeozqE7AfU%2BkcaAxI3wSFpi6S66a%2FEgXoiU58ns9GinDVW2g%2FidNxudwU8WAIqB9B99%2BKy%2Fm0d%2BgYWHtEf61Jo5CNclKwvLyA%2Fys%2F%2FHPPajLSG7E%2FHrSNJf0VRQa2Grm22NmcbgLr0lu2cCLGgyX7c9vsepmwRk8o%2FCB4DgHhnjVmBpyXrUB5w%2BA%2FE%2F%2Fw%2B6ZQquKWQN4b7WstTXVRp4V%2Fd2Kx7G3krbJiQXzryuwwOqJbbS%2BA%2FK%2FJOnVxEFS4332efjkOrJ1b2pp7KK3hNAdGWBKjRp2D9pkBhcJdqPQCXkTU8%2FRr17OkB0vj2FXZ7KNdvfWd94zL2lEpUo58%2BTz38QLSv5SYzis5SVdiBAX6a8RLFg8nn7UTkg57iNSClx0rdk1xvoMK6DU755KCZVIEumZZd0C6e2Zyps4U6T5DErBtbw36aAK0avVShS0qRiwgb7hJw7wWEgDp7U0a035QvVP4PMPHCnudPTZjGRUD3iUwK5IvvuXBQyBDZOK%2BIQIt3lOCb153sAvRxGfQPZkvgw%2BbZXZYuPSgt%2B%2B1dICr2M%2BDVCYCaeglF2rgr1u2OQIzQ%3D%3D&nvMid=34558906623&catId=50001519
Apple 아이폰 14 플러스 128GB [자급제],"최저1,188,000원",https://cr.shopping.naver.com/adcr.nhn?x=1bwpxfz515OF56Hu%2B5EYW%2F%2F%2F%2Fw%3D%3DsrAcS5rnf0Ew2CK%2BoadvKNyBP36SqPaKQMNU7uzRsWq1GjrUjzI8JCL0SQIFxMKUA0o8QESh9CzowK3uL4y6yGJzapTHtiw%2BSE5RM29L70ZNvMZsjBc2hAMGLDZBOFsLk3LZsBn%2BEzG0j3jxKfp%2BNnoZnlrSZr8PDPdBCvs8uWtdeJxHcKH4rYUhc5SxvGs%2FQ2GOXWwmsqWygXYkovBGgZCJO7jbxAC%2FhHJnJbE9pD225SET%2FmTh%2Bwr3iKnDGr9FRwR4jJM2EuVBehPQGVRzw0MCBvacBshbm7ZDG%2Ff8pkkvBz7%2BORHa%2BX777%2F5U82WuFPW%2FWhsws%2BmqKZySCwtxb%2FwSORZrCxdVsZpMsbqVw8FY6JIeyjRJJG8AQSjlBThBKi99ksoCI1C7hXFnS58NAZkW1rtd%2BYkMf0KJu5%2FtqsnMiNvEAyH7XT6ObGe95mRdUyRFmGb0uBbRbqOZgEqgzhcSbI7vragnTOKzm6KzLxKh1I8EDCh5n2RBrPUf%2BYM4BX8a%2FHvPOPEuDd1Ce%2FzZYNTk8jnpwDrBozNHsrogWTjYmhxhDcfgjGgiQ3%2BCLG%2Ffp%2BgtF15PMkmjkNDmi88yMRXaL4ExAuIon99suOwjkCEsLZu2zZfVcAwb0eAbOp9MzhWw3%2BIByOa0jCVNQVnCDoA%3D%3D&nvMid=34562379623&catId=50001519
Apple 정품 아이폰 14 Pro 자급제 실버 128GB MQ023KH/A,"1,433,750원",https://cr.shopping.naver.com/adcr.nhn?x=qSvOxw0hEO9UKld7k1rzmP%2F%2F%2Fw%3D%3DszCwrLi7syt%2BxbwzV7a8BDpsHZFFgEqtdCg5Q1TOfKBFHDJsKgV2dQLI4PLgR0HubnKDfoo2h2TIS21MKKATo7uozqE7AfU%2BkcaAxI3wSFpi6S66a%2FEgXoiU58ns9GinDVW2g%2FidNxudwU8WAIqB9BxzWbUP4hsfkDiMh%2FeiprrdhOluJ1tWQQiXRTgst1zfMf8WmkGZFjJY2NA6aG371FxlckfXo0AgO%2Flyc8Y0DFwM3sd3n5FpFEb653M6IgFyYTa0U%2B8xA8sraIU93diMjToc4qA3LOnXxHah9UNkEP1dfDgwR9xNrGKJoAT%2F5MTBoCjYCQzAg8W7RTyE2pQeu%2FMCBvacBshbm7ZDG%2Ff8pkkvBz7%2BORHa%2BX777%2F5U82WuFWy6KenRwEopeCYC%2BcPEl6R5CjZu%2Bi11yeRJStNszKCiGpC%2FCZH%2BqVPSNC41s4%2BvCHs%2BiEe39K3z1p9FL92oUgY5JKH1wpYG2FjdXfAKSzw1BBbYLgF%2FlaAuPEUA1EI7LivgZiHuZEV0Ts8KszNVrQFNsbK8mS%2BASdfx%2BwFxcQrD1HnJNCs23BK1X3TrGrPALyaY9uU1jaL4wvbpdt2A%2B3nbxYjL8M75ZAXIVUOJKhYUK4yxaiyG0Z0BENJROe1z1KYTOF5KsHq%2BigGAc1pAeZ1W1%2FmzvXhOZ0EYGN1ShwnYBk6P54AtJ6tCQuYuuRWATATQoBoZyaGMgPFeI9gEXDQ1QmAmnoJRdq4K9btjkCM0%3D&nvMid=35312036263&catId=50001519
Apple 아이폰 14 프로 맥스 256GB [자급제],"최저1,681,500원",https://cr.shopping.naver.com/adcr.nhn?x=eXjqkyaco%2BoUZ8lOmvGAcf%2F%2F%2Fw%3D%3DsB0%2F11Lr5RQGb2PonRD0Ckq9012%2FXmLBAE2Ik%2Bc90hNy73bVQHldJ9ftGXbklIZwQfq9BC1L0YUBtuk8L1mIGwAKDqOlikfBjQp9yVpGYkhVw3XGe9FiEvtnLUcjY24DDhowUCpdo7pnLc9hBJVZn%2Fcv%2BjB2erv%2BZ%2Brrs5VHOiTQgGE7%2BZatKjf5hEf1XctkKHX6rotZQy%2B%2Fk69NMVVTwK5bkCnZt3PKDnGtnPfTpWXWyRdr7bpc9%2BSfNsNVrnhWYvgPsdAJXIA0kJmw55zV1E6sJF1TG8DXvuOXRWh2aiSE1QmeK3ZPITzKHcbEnR%2BI8ac%2Fo2zFdYyIi2XpDBsy7lUxWE1NGVQ%2FqUm32%2FGa0X1fYe9CsbWrnsboog%2B94RL%2FIhQM6zMCFAew7D1HqNMHPh78wIJJV9wF0w%2FCmcYBtcbpFx37WIyrziE4Ps6WrDu%2FEyEPFFzNJ9FEIvtpcBvl4B10fDlSAF91N8n%2FUdh9H9zLPU6pntGCurhu%2FV8uonTYh5X6MB3JdbnBohOi8QY2msikoQCK5%2FOY7pH6RDZEDIVIQP0EoYJPG8OO6%2BqJnf0zrZsDrV4Wi1jcE30No0vsrfKDmRomn9NhgLmarJ3xAfc6apVz1Kjtw%2FZO82IfN55ljgqgOvq6z5EpEI5N2xav1Mg%3D%3D&nvMid=34561927619&catId=50001519
Apple 아이폰 14 프로 맥스 128GB [자급제],"최저1,540,000원",https://cr.shopping.naver.com/adcr.nhn?x=P6Yjo%2F5SNRxARrCTwHm9zP%2F%2F%2Fw%3D%3DsW5d5mSeVxShWkrzYwuvL9gEAWEWhUDBfPRjEqFU4%2B4pHDJsKgV2dQLI4PLgR0HubzLXjtRq0IHUx3qu88nW0JOozqE7AfU%2BkcaAxI3wSFpi6S66a%2FEgXoiU58ns9GinDVW2g%2FidNxudwU8WAIqB9B99%2BKy%2Fm0d%2BgYWHtEf61Jo5CNclKwvLyA%2Fys%2F%2FHPPajL5T79DpcNuozGulSOUxesK2NmcbgLr0lu2cCLGgyX7c9vsepmwRk8o%2FCB4DgHhnjVmBpyXrUB5w%2BA%2FE%2F%2Fw%2B6ZQquKWQN4b7WstTXVRp4V%2Fd2Kx7G3krbJiQXzryuwwOqJig4xnw3m%2BO6V2onZUY0LDfH5H2mK3Z4B5K5rN3cngNlKjRp2D9pkBhcJdqPQCXkT%2BEhytevqlWE0ZQMfLNdUduPS8ROMGg7ZFLSdnbPSmlELSv5SYzis5SVdiBAX6a8RLFg8nn7UTkg57iNSClx0rUAVJpqBLiiByEqDGwZ5AOMPVL%2B%2Frl5PLPXtI0kaP8PkmKdeEMdUbtmzDI4Aa7HQcUDzg7uPB0X9zV%2FMGhFRUKFUDzqUlJyP99T2t8EWD0VIjr%2Fvhuz%2FM2bOeEg7k3nONQXeOQoXXw%2B%2FraOv%2FVHksMoPmD3aAWHGDiKTnmUA86%2Fiy1Vhq%2FH77x9Zlr1IFzyuow%3D%3D&nvMid=34562805618&catId=50001519
Apple 정품 아이폰 14 Pro 자급제 스페이스블랙 128GB MPXV3KH/A,"1,433,750원",https://cr.shopping.naver.com/adcr.nhn?x=7owMw%2FxH1G0Ea5%2BNzOgMWP%2F%2F%2Fw%3D%3DsTE7Qi3TO%2FmgyMYRJ0KxCsLYLZEWtTh2%2Bzfitgd6Ie%2BZIzwzRFNv0gVi1N2%2FwGpMCj6mB4SGYOeuHqAaRc3UVUgzBWs4ec0QzhggyYYtC5YYlUUFuDG3P8OXglQ6gua6SgLfzHt6VFwBL%2B8CL8agPazMykBI%2Fzq%2B6BKlA%2BLtsshKvWNb7mFsitkT8U8q49Aj30Egrvg%2BXvZG%2F2Yrt3W7UZA2m7FUyVlERPJsJe58dUnW1VQmw0ezINLckUTtNHH4QSIQK0aWj99eeFazE448NTqeb9xXzDDJqz8EFiuDsAC2h9WY3F03d7hnuaG4CrY4IvgPsdAJXIA0kJmw55zV1E6sJF1TG8DXvuOXRWh2aiSE1QmeK3ZPITzKHcbEnR%2BI8IA%2F2Nl5LrIoejQoUjXK30L3vNHSL5IcdZZcRwJH2rT3Ye9CsbWrnsboog%2B94RL%2FITOuTu27fpH6PfeKu8vDRQCquHXW3obCJ%2FVFxH7J3uVy6RN%2Fvibv4fvgw2OXCA%2FT2n51vV0lqI1EyPapJZCet8oJQCF3%2B2oohKPHIW6m5qfvqHTKB2GwLsvIB4Dg9HVB54bHHm3e0xvGi7evkFTzs6aWRfrjtl2OPD36vkxy%2Bn5qpKc49rwx1FQ2LIlYb5OXZTeC9CZgLg6UkUlaXVAZJ7xohtPjA9PZFWriSd2EhWtR%2BhT4PhtkuxnndjwPpMIpsQa6dQ5bPA0m23VCAhdgNOYVsN%2FiAcjmtIwlTUFZwg6A%3D&nvMid=35299747689&catId=50001519
Apple 아이폰 14 프로 512GB [자급제],"최저1,830,000원",https://cr.shopping.naver.com/adcr.nhn?x=EXeEdQXsvk%2B5w0wNM35Skf%2F%2F%2Fw%3D%3DsQrzRZNBURx6qJSpRHkKB0iHcit1P6ES19LTpfcDgpulHDJsKgV2dQLI4PLgR0HubxpEgMitJPdZlXrG%2BZZTP%2FeozqE7AfU%2BkcaAxI3wSFpi6S66a%2FEgXoiU58ns9GinDVW2g%2FidNxudwU8WAIqB9B99%2BKy%2Fm0d%2BgYWHtEf61Jo5CNclKwvLyA%2Fys%2F%2FHPPajLdEL43iaFyOTpHKorMLkH%2FGNmcbgLr0lu2cCLGgyX7c9vsepmwRk8o%2FCB4DgHhnjVmBpyXrUB5w%2BA%2FE%2F%2Fw%2B6ZQquKWQN4b7WstTXVRp4V%2Fd2Kx7G3krbJiQXzryuwwOqJQ4Y%2BJuaw7KqIMVmZPgLV%2B6y7BzFfbbrDYPJlwMiaOtNKjRp2D9pkBhcJdqPQCXkTgovi50HgQj3hqzSMuYBIzz4Kn%2FMPJEgjoCEwsStmM3sLSv5SYzis5SVdiBAX6a8RLFg8nn7UTkg57iNSClx0rQ4xrz0M7tNFmv3r6OCk%2BJWZZd0C6e2Zyps4U6T5DErBZCJVU7bdVikYLVtI1sedQGpp%2BvcOfNxtr0q%2F3uLKs9hP4PMPHCnudPTZjGRUD3iU2nlaNlyFOAxgotupvR7hfeBCUwTmCsnh1qeFzvBNryFYild9SKQszJyJsO4%2BCKVVBq7h9PA5SrIXrcWPClBGWw%3D%3D&nvMid=34562688619&catId=50001519
해외아이폰14프로 홍콩판 128GB 직구 물리듀얼유심 언락폰 공기계 미개봉 미활성화 홍콩폰,"1,349,000원",https://cr.shopping.naver.com/adcr.nhn?x=zhn524V%2BnJefY5lKJRk%2FLP%2F%2F%2Fw%3D%3Ds83zjW%2BSo1BsOXbVQupdbVXM7uFi5bF8LaFAU%2BHY7DQ5HDJsKgV2dQLI4PLgR0HubTtcA%2BezK8orjv%2BxEYSLWBeozqE7AfU%2BkcaAxI3wSFpi6S66a%2FEgXoiU58ns9GinDVW2g%2FidNxudwU8WAIqB9B0S%2BortKzfQDWBF5GV%2FKfqEhJv3ljJo79VVIpj6%2Fm3WOe2slw8jlfHtJ2h6zP7d0DuMw8i%2FtNDS8bO0Kxk2GkPND4P%2Bj2CVvS6QkrpszyaIoCuwrUM2Vi5bq9fxYHuPhKTRtvguRO0sOk1ABsh7LIVI7Au6xcB2ejsykPNk%2F0hCI2HvQrG1q57G6KIPveES%2FyI5fZWIQiDNPYMYgKqxFTQMxX2xeVez5Ko5EKVaB%2FXlHwDibwqr5a7u5d4OR6KBnoqhpa%2FPtYxoylvqHvaoy7Rv8Sufhp7Ral131t%2BPb4pTtdi%2FzYyOCQKpxclbRpqg%2F4pufrsErazzSaOT0%2B3wxfhSLhXRUQX9hsP%2FVOUrttDsfaHNSKemuqRnZDRx4TkU48CNw%2Feh9gavD5w0C5n48AM4tu6ZwvIR5KDbNG8EFBzuARtzuWu6naApMWWM5AO2qq7VCQNvnTnohENsmUrLHJ%2FkgnVanIJDXczGPm6H%2FbVZ4iCk8q%2BPObKwpg76a2F1W52BcfGbdzdYJETOFeyuigAYGruH08DlKshetxY8KUEZb&nvMid=84745204405&catId=50001519
Apple 아이폰 14 플러스 256GB [자급제],"최저1,320,000원",https://cr.shopping.naver.com/adcr.nhn?x=MeMEXUsZ9gUjlq8WBGSSsf%2F%2F%2Fw%3D%3Ds2qHzzn6P23rQ8Eg1ZvnG9nrbdoFgtOTNurW563U35aNHDJsKgV2dQLI4PLgR0Hub8gVb3HDP%2BXplEiQ6iUWotuozqE7AfU%2BkcaAxI3wSFpi6S66a%2FEgXoiU58ns9GinDVW2g%2FidNxudwU8WAIqB9B99%2BKy%2Fm0d%2BgYWHtEf61Jo5CNclKwvLyA%2Fys%2F%2FHPPajLg4M8TZ%2FA%2Foy%2Fx19scWVLQ2NmcbgLr0lu2cCLGgyX7c9vsepmwRk8o%2FCB4DgHhnjVmBpyXrUB5w%2BA%2FE%2F%2Fw%2B6ZQquKWQN4b7WstTXVRp4V%2Fd2Kx7G3krbJiQXzryuwwOqJ27bRrxKnh8KIL1L31xNojNfqT8Q7z02vKvSCOyIOaXxKjRp2D9pkBhcJdqPQCXkTOnJfDWg9AOq8Jdz2OgN1e1wdcAwihzvd9ixbEoueZp4LSv5SYzis5SVdiBAX6a8Rr0k4fbUQlS0YpS9PzGJMP%2FW%2FeVDjxkuxB1O9BRgUA3Ii5HSrzhhCOMWuXdZxvGXvsJT0ZgeEIwOZ5ylMi2bVQ54YIYmnq%2B6KBvkOQ8oeQ6m67qFZNDARYcZkRQNTwYwp14pTEpxhJPPzspURjBnEFm%2FCWcmP45vv23Hkv2ydDuSapVz1Kjtw%2FZO82IfN55ljgqgOvq6z5EpEI5N2xav1Mg%3D%3D&nvMid=34562947618&catId=50001519
Apple 정품 아이폰 14 자급제 옐로 256GB A2882,"1,400,000원",https://cr.shopping.naver.com/adcr.nhn?x=R2jHQU523or2irMfsoGvkv%2F%2F%2Fw%3D%3DsGjijg7bUCepg%2BaeP5NBkAWbP43laSexTDC4hGfnQyh%2B73bVQHldJ9ftGXbklIZwQtU7BuFkW1dUtjf1UElWoegKDqOlikfBjQp9yVpGYkhVw3XGe9FiEvtnLUcjY24DDEqrB77961quEaekmKRrw%2FW6IdemuhMaRXNFs4t7grWz%2BdsI0oBV0GFufH9Q6MaoxMsLZoNf4JjBLJEjRh%2B8AzRpuoD6UWL3%2FHMULqi0uraa7x1Fupx0vfkz4s8ClD9H%2B897%2FE4nFCZPFWbv%2Fb4aooSxhue4bxIQUvEb2wfqnFE%2FT33JVS7z2Dj165Uh4cjcGmBpyXrUB5w%2BA%2FE%2F%2Fw%2B6ZQquKWQN4b7WstTXVRp4V%2Fd2Kx7G3krbJiQXzryuwwOqJm8wjJs%2FOhTyJaV4clwr5V9oTSFL2fDb6KtFHF1o9rvV%2FlLnJwMa7Bt8R2%2FUDqQrCpIW8FC7zw0OhRExtqu0nXJCMgpXwzdhQqSvQH0rwZUkSay5iIuyQ79SReZT9w9xBQPBFTuAtUQjm%2FHIWwGQnIcJEkssgMw7HwIuWzJvVmEB7kyBaLLlmCb2AB8NJumoFC%2Bp633m53JCQqoKkv9VJyHgnXOltwWSDxrkG7EaxpHnWG7pAI9OhDzEc8BXUOEwg2ZVWCwxCaZyPHBegjD0iFiwp8q%2Fc0ev1eX60D8qwLwh1eGPWtqQUafI%2Bj69obpOEhWw3%2BIByOa0jCVNQVnCDoA%3D%3D&nvMid=38562055402&catId=50001519
Apple 아이폰 14 프로 맥스 512GB [자급제],"최저2,046,000원",https://cr.shopping.naver.com/adcr.nhn?x=vhsWj8iM2NRZn7zJsau0zv%2F%2F%2Fw%3D%3DspafdyOsI2racSqeNzlCQ0%2FGQoZAoSZ1jongJqoViSJpHDJsKgV2dQLI4PLgR0HubVXREtZgQgDJ%2F2plr8zZQfuozqE7AfU%2BkcaAxI3wSFpi6S66a%2FEgXoiU58ns9GinDVW2g%2FidNxudwU8WAIqB9B99%2BKy%2Fm0d%2BgYWHtEf61Jo5CNclKwvLyA%2Fys%2F%2FHPPajLaUCHNjGiKbdeGblW62XH52NmcbgLr0lu2cCLGgyX7c9vsepmwRk8o%2FCB4DgHhnjVmBpyXrUB5w%2BA%2FE%2F%2Fw%2B6ZQquKWQN4b7WstTXVRp4V%2Fd2Kx7G3krbJiQXzryuwwOqJx93c5LY0Aa7c1T5woxMjsC1nbm7lpy%2Bj3KYIko8D4RlKjRp2D9pkBhcJdqPQCXkT%2BEhytevqlWE0ZQMfLNdUdmjlWSljEYNlLKEehOvjqR4LSv5SYzis5SVdiBAX6a8RLFg8nn7UTkg57iNSClx0rUKLBap3kjYbJS2JknJPJQsPVL%2B%2Frl5PLPXtI0kaP8PkmKdeEMdUbtmzDI4Aa7HQcasrKu%2FHuS6l7I8ZLSBPmGgNgvbZ46i8tPK2RTObtmhFjr%2Fvhuz%2FM2bOeEg7k3nONakLmgl8LiSh4iKYC9gYdV%2BC9CgCV9qBRxb%2B3zLRZiolaGimR4pR27mrh1IoDTOSgA%3D%3D&nvMid=34562823618&catId=50001519
Apple 아이폰 14 Pro 자급제 128GB - 실버,"1,433,750원",https://cr.shopping.naver.com/adcr.nhn?x=VEUEAyoyZ1a2wacizHjI5%2F%2F%2F%2Fw%3D%3DsWXqHLA6cNFuhYw44g2FlJS1%2Fn2vFlhoBnVw6hXddVJRGjrUjzI8JCL0SQIFxMKUAOHEgI4zGGbuRLwcnDibnRGSGvA2dNZCN9VWlIxUfsCxvMZsjBc2hAMGLDZBOFsLk3LZsBn%2BEzG0j3jxKfp%2BNni%2BYxcAxQnoCnUx3jjIiOILcAdZDhcUNQhYf4Z7nu%2FXG16jkJuvIqZkI8jPbs1Xkq%2Fc%2FaGbe0TreYODXUs7Uo1k0D6MQL3f808siDs20pAQO0Bq2t%2BAfPLFWnFAYEdI3s8CBvacBshbm7ZDG%2Ff8pkkvBz7%2BORHa%2BX777%2F5U82WuFRDpykpOqWZgZqWcBmVwRDdCJ14iZO7GpCns0W0j6mnivGfcWCgHnl7rBsTIEcSdE7oWPxLKsrKUxE2TNvnusUq8EwGjqm1myUrVC3zHijDJBBbYLgF%2FlaAuPEUA1EI7LIzHPb4dJ9hHAm3LViIAFY3baP3PRcE1k76yT%2FnTmGMNH7Xqz3M90l9xw%2B87H08Fr1EhiE%2FQMFtZyNyzExXg7SApjH6011jvj%2BZ8p9tLoLp50fSDbPWacYjnpFef5GzFx%2BIXKwmsTUnBd%2B1dUC683PzSdI3VBHUK1rBpoGFDaVzsDfkLIyuldBS3f8m8e6nLmzUhNzs2VE%2B%2Bisqs3JAEppg%3D%3D&nvMid=36219492692&catId=50001519
Apple 아이폰 14 프로 1TB [자급제],"최저2,184,990원",https://cr.shopping.naver.com/adcr.nhn?x=zEEawfSbiQ2XVJETmcUzEv%2F%2F%2Fw%3D%3DsTRs7T3LR6dB7YZaaSUvhe2vGtYyQ8%2BUWV4y5QDd45MpHDJsKgV2dQLI4PLgR0Hubb1yAfMWChMVULtbI5xgujuozqE7AfU%2BkcaAxI3wSFpi6S66a%2FEgXoiU58ns9GinDVW2g%2FidNxudwU8WAIqB9B99%2BKy%2Fm0d%2BgYWHtEf61Jo5CNclKwvLyA%2Fys%2F%2FHPPajLO%2Bd3Ogtleq0L009OYALCnmNmcbgLr0lu2cCLGgyX7c9vsepmwRk8o%2FCB4DgHhnjVmBpyXrUB5w%2BA%2FE%2F%2Fw%2B6ZQquKWQN4b7WstTXVRp4V%2Fd2Kx7G3krbJiQXzryuwwOqJ9wjSoQJX1gUXRDRUjOYKSgwBnP2i6zowSz1y517j0ExKjRp2D9pkBhcJdqPQCXkT26zUuy2HhIyrqsxXdSugSZxlMjodGANNkTx0UA%2BRz4gLSv5SYzis5SVdiBAX6a8RLFg8nn7UTkg57iNSClx0rb6wTyZTOa8p8nD0SxKNNSAUVxRG4ldwD1%2BkE4NgSPi6s9ney%2B0PSxcDUP%2Bl3%2Fg54BMzTDtO1jLRdG6%2BxVzPGAIBhNg6pO%2F%2Bw6bSRwW%2FduOk1qe7IRkJIzbxs4avDRxf7DM31Ra%2Byh7mP8CHJLhLrU9vU2Y6hEEwGxc1AZfON9sL4VRAH%2BsMDObarUodGweR8Q%3D%3D&nvMid=34562724618&catId=50001519
Apple 정품 아이폰 14 자급제 퍼플 128GB MPV03KH/A,"1,087,500원",https://cr.shopping.naver.com/adcr.nhn?x=xBqczmPWez7LoaLxkQ6VH%2F%2F%2F%2Fw%3D%3Ds6UHL8qbZbE73okUAN3U%2F9uMSRo68Q%2FrYRxGWZddymvJGjrUjzI8JCL0SQIFxMKUArzKFCxkPy%2BqXXgreLyt3h3Bf31GXVmAZj0gq4aYuiQhvMZsjBc2hAMGLDZBOFsLk3LZsBn%2BEzG0j3jxKfp%2BNnuPYFsKOGABFhj5ZzjFkFAeKjyp0s01e9YG50wI1msUPsRsq9S%2FXH%2F5sh3cOefH%2BwunyX%2B9Qa9g%2BZGdaum2o8GfmJqKy0SogfMQQ3fcpRrAFouk5YWoTr6VQxKijzV%2BMWoZmWK4QVKR1YygLghExMhS7MaNm8jFjm3nWh8Ug%2F5vqGE4g%2FFRfLRsxTRxOXQZCbMyyosh6k%2FtGQ%2FKTGNXZNk9r6kdrp7BvT8OlwZ7P37YyZp%2FuhVWf5tMOyu5R2EADu4Lji5yb6UwG2Ygk%2FRhfll%2FMG0xAK9cFbztp9AIDgfdSbF4OZVL2Q%2FcwuxYvViSTh3Z4ZFdhEKv3OYrZWiZTs%2BDUl1Mb6CmDxR1AktcPJbKn%2BB4aYiX%2F4hZW6QlF77SLsozzq3srtgQ0jDd%2Bp5eVmMq541VVZ8LAoqcO3yWWh3W6czhk1hS6VfJohSW2RJcsuQpJP%2FCoHVFom%2FsWORByYZluTGA%2F2l2v%2BS%2Fc%2B1tz1by2a1jS8Ua1hwiaLnWMxworxpzL34TnED%2B9V9ZIUNi4c7cP%2FTrpBdZPyw0t8RMkhb8DOhyWUIIyPFUpWztUfPMydg1QmAmnoJRdq4K9btjkCM0%3D&nvMid=34974615194&catId=50001519
Apple 아이폰 14 512GB [자급제],"최저1,462,000원",https://cr.shopping.naver.com/adcr.nhn?x=NumJrJ%2FtCkwr12p17MbJsP%2F%2F%2Fw%3D%3Dsnti0Dba1vAtEw%2BJVcnHf2BwWPLvUkAArPAJJTtiN8GBGjrUjzI8JCL0SQIFxMKUADoixl%2BOzZu2uUpmb0QQ2iXBf31GXVmAZj0gq4aYuiQhvMZsjBc2hAMGLDZBOFsLk3LZsBn%2BEzG0j3jxKfp%2BNnoZnlrSZr8PDPdBCvs8uWtdeJxHcKH4rYUhc5SxvGs%2FQT4z%2FwdXPuBKWzUebiVXZLCJO7jbxAC%2FhHJnJbE9pD225SET%2FmTh%2Bwr3iKnDGr9FRwR4jJM2EuVBehPQGVRzw0MCBvacBshbm7ZDG%2Ff8pkkvBz7%2BORHa%2BX777%2F5U82WuFRDpykpOqWZgZqWcBmVwRDTXtetOaQ2EAO0QesgMwWkU6JIeyjRJJG8AQSjlBThBKi99ksoCI1C7hXFnS58NAZoGMuTYdwkpFu8GDqF0FOb4iNvEAyH7XT6ObGe95mRdUyRFmGb0uBbRbqOZgEqgzhVZ%2FIaG84qELmyiDCU5aC6qE4FQdvRmo7oxOSvwywmchvn0MAHpZQW%2BW6kVbpNsSYf67XSO61IQQKulp1eQMB9QNauEcRynSn%2F8orOK7nc90y6L1S1ZJ9ddWyLMAszkbRG6ZyNJj6QEIvsvILyc1BW1WhZ3SMHTcLlpircdRzUgq1JIslBmdxaTx7xO1%2BPPoWw%3D%3D&nvMid=34562379620&catId=50001519
Apple 아이폰 14 프로 맥스 1TB [자급제],"최저2,371,200원",https://cr.shopping.naver.com/adcr.nhn?x=UxSx%2By1NFN2yE76nnX%2FvPP%2F%2F%2Fw%3D%3Dso1737wGrYzdfJGcib6rcvBleMm7oNGtTb8uyd6np7IVHDJsKgV2dQLI4PLgR0Hub8lS2R9jl5djWLDhl6LcqoeozqE7AfU%2BkcaAxI3wSFpi6S66a%2FEgXoiU58ns9GinDVW2g%2FidNxudwU8WAIqB9B99%2BKy%2Fm0d%2BgYWHtEf61Jo5CNclKwvLyA%2Fys%2F%2FHPPajL9nmtoJATKs6I6FOgcuprkGNmcbgLr0lu2cCLGgyX7c9vsepmwRk8o%2FCB4DgHhnjVmBpyXrUB5w%2BA%2FE%2F%2Fw%2B6ZQquKWQN4b7WstTXVRp4V%2Fd2Kx7G3krbJiQXzryuwwOqJZ0kKqpT4KTcO42FP08BMzPk8L28Og7GgLZ5eWtdg5AlKjRp2D9pkBhcJdqPQCXkT26zUuy2HhIyrqsxXdSugSWF5DzhsQvrK1m64P5A3P6ALSv5SYzis5SVdiBAX6a8RLFg8nn7UTkg57iNSClx0rYbfiYx3dBtkHHcpo4O536TlE80KNwbfNxekQsGJejRksTXhzeKkynwlV5iG42bUw70p5XT23Fff4GET9X3UrH16mfU%2BfC3bDwySVGXcrVYtv4YGjJCSIW1IvBxXT1wG96h0uFyHnKSxt8jmety0gt4c5d5CyRzbTmHhgLkM8fokhWw3%2BIByOa0jCVNQVnCDoA%3D%3D&nvMid=34562724619&catId=50001519
Apple 정품 아이폰 14 Pro Max 자급제 실버 128GB MQ9Q3KH/A,"1,636,250원",https://cr.shopping.naver.com/adcr.nhn?x=Af%2B3SWH1KNBaDJ5YjIdR7v%2F%2F%2Fw%3D%3DsIl75U3F%2FXvzDGP3WYwdGX4UiHoT3YNa2mgqgK%2F6qgkxHDJsKgV2dQLI4PLgR0Hub5St8GIQ6gT9jiZRKTkjaTOozqE7AfU%2BkcaAxI3wSFpi6S66a%2FEgXoiU58ns9GinDVW2g%2FidNxudwU8WAIqB9BxzWbUP4hsfkDiMh%2FeiprrdhOluJ1tWQQiXRTgst1zfMf8WmkGZFjJY2NA6aG371F25vljOIi3%2B8P2HBybpehsjxXJkIsrJ%2BV6SwvzYpfFcG1rMGVxW3b5xW0NL2%2Fe4fmQrNjMcuKEsGMRrmp%2BvU1s2apw6Yc7PvhJ71ON0aAVS0U%2BCHRq926rB76AkwRgRJkcCBvacBshbm7ZDG%2Ff8pkkvBz7%2BORHa%2BX777%2F5U82WuFyztzjNAekfjhGYS%2FeS%2BjIgPGFxQWUlyuRzxk%2FK%2BSAhGGpC%2FCZH%2BqVPSNC41s4%2BvChdRuofkqZCMlObsBUmI3N5vf3CYNUHwEP4ZM4Vw2ZqlBBbYLgF%2FlaAuPEUA1EI7LivgZiHuZEV0Ts8KszNVrQNrIZgEWtnI66bVvsON78kgOoYu5dan4s%2FeGjaB0RwQPIRXx7X5RlSrhjjNc55AbL3UzHwURx5fgAotDB6a%2FiB%2FDd78ntsrTaymE5uOeVUDgsq9kP%2F%2Br1lFNYGkyVcMp4vQjf4rJV5QK4Q2sntWyiHg5%2BBVdZ3%2FLUdV%2FQ%2FeMVkV%2FBHBsMhQXqhm3c9aQpSfs%2BQ4SwcLvxUEucVmH%2BcOht40%3D&nvMid=37029763124&catId=50001519
[애플 아이폰14 프로] 애플 아이폰 14 프로 128기가 골드 (국내 정식 발매 제품) MQ083KH/A,"1,475,000원",https://adcr.naver.com/adcr?x=WTZOYHjp3Xfxq2X8wmH6/////w==ks9pI9Er0rzvHi97DdmozsfXh218t3aicUO0k2CRy5T2x2CD/pwQUD0MlzrKjdxWARhZLVyR2JbQJEPef1LA9JZ7RAAyPXoiuoUu4cCbpF2XUywSQ1arTqwCdFeAi4I0SkkcFR6SMVoBoAFnhXzPldIMy213NyMxfXnNBreLghaQCfkLz6LndPpQbH/EbxIyTZxk4yW0CLoz9GcxwJiM+KxeqL/CMn68fNfc9FS4HQSBTQBcE7KMXSJyUl9GaXzUh0n4xtvCTyoM7OT/olZ43dcwa6yD07B7fENNn10aWgC5h1BQlLwFiJUdk7FGiAv7XGZPnHUROwL1ioaUSjYB7EImmwdi28pOepZH3sruvkMAt2gxdf/dnB8JDJcgCP41yaNxlXGsVBQJ9JxUsMZpW5H5rnUASBJbZCiHWgWUVwoWzS0e2V+Nq5tNegb0WI+D9OZRAAOwSJJCJORSpfSKNrScD1be6AlICZxmf86ag/s1haBZiEVyfrS98OTE7SpsJm/9Reoz/dyccQ0Ewzu1VsO0fLJSUVVTrQzHKUxc6Sq23a5OXhIO/R1opob2PeV+LN/KsCWhRDZWK+//8XvwVm8K4zO25ebsxaf37X7ELnum9UlhvVj+pyM0zQn8oC/jIQuoiLuk20KG/LmzfjQmqivLcNFxLtbNkyBaP1zPDCK+F0dnyWB5AMgt6V4J2GIhGR5fxZXxdDyk7Icdt1+RCZiJluvZ89KCYRH8Ljjx8OjnfP3EeP+ZIr3mEOQQ9FrAugdKY4dE//BPcFLdcZh4xklBrPgIV6Eoedfbk1e0ZzD4GOvV49UY9sxMsWOJ0C0YlLmvSbL+XXfYZIayXekId0aO4nIZ9S1vt+FnpYDSZaqs=
[애플 아이폰14] 애플 아이폰 14 256기가 퍼플 (국내 정식 발매 제품) MPWA3KH/A,"1,340,000원",https://adcr.naver.com/adcr?x=sbe2zS0mhXHVxe2ktqF8wv///w==k+6rSljGWSRmhLWqyvi4zK94asAQvvALEQo0uxptgKmMcXiUbUOK9UJGwgUFxp9VWXPjkEgsFnrcVHfnlsKSijnaWWe31jO8CIL0AlOchTTcNN0Bv1Qr1SkqZjDyyxyy6pxobU3DDmnbS7Q6blqSig5begPl67dLFpYy8u3ALtWVEQUdfYO7uWZMjPrgCctNDsEAzVUyW3JJIgUKTaQ66U3pj1xWXk06EO4PZDvyKJfjCjSlD/cVa3dPMsDOFKxnwX0mDrM5nxmdjq/E4wVGzNjNTOELZKFUEiJvmtvScR0I+M3w3RI/+EUZdOPjaYDYnSIj018vC7mAEP/Qo/f2DM+F8IOYU5RObUinpUvAi7eFPpB6dEBPSxRmXh1DRs8rX347oiWCU+R062EUfp90xdA7v4NIesVM6k6EEJ11pTI8nOYfKVMfyV6wt6sGpFaDfvIJ8XspYQL5ESCklkUgJG2t/ridebgeD/D7SmKtquxEn3B48vxoy1CTf9AIuE1h7tSHXdGpsRSyCl3USzWuTTzNrZ8w9FoHeB5x+mzViZzP+ZlZpM4fm6iiP3mHPwIu0eCkGK+Wy8L/3VkYRw/QxNOxB7oiujUtudO8o2MFEVSpKfvMrNG9EDcokqrbCc3myMfPPi5n1EPAI63rxqlbSpqv0iHalH867t8bUc7L/GWfcsvMkcQqH9uQsWwYIv5VxIjuy1XApK8OYxB4ZjF2HUMuSFDF6tDpN43FD3HB//h1mNq1i6u7VJcPfOO6LhQ5BK8ILgj5etvItQsBjYyaBTO0AN5fXikwLUpp55y0Jndxd6x5BXsKhIHJfDwJassfUGpKVsyhQh7RDLQDw0d95Urc6IymMccXrgMoC5G/7d7g=
[애플 아이폰14 프로] 애플 아이폰 14 프로 1테라 딥 퍼플 (국내 정식 발매 제품) MQ323KH/A,"2,325,000원",https://adcr.naver.com/adcr?x=EsUbqL8YpWVFtHH85imQ1P///w==k/TUyqb7f6YJgimMpwpsadG6rhVwMaHcarfFPx4IImhpm6Jqg6lD2LTkoizvGV2E9xBGBjngFiGOxq4VJgGpqADZ1FJOXT6bXS4SbVErk+xQkK50jeEEqru8Ksk7S1+rIvhDtJ7Kx+KAx7uEwCHFq4F06UUTb8+fokvmJoMgpAc9cwwaoc7E0GqVzHlDHK1sYMn07h5lXw9UUMSE8iLnUKkrcgDdLr6XXbOkVQ8F+md492z530vMU6PGjgpUdgRAF3GXUJ5YPEJnnzlQLbOKoom8bXgCYaAhkY5WUyHXwqzEr1tL8VQkC2LF/eKj3RDWJ931eAYzpayq8WISnHXStXA5uUzLb5lpo3lKttlUn5sO7QrAV6g4cQOCAlNlInE6owOnwvKI8F78eKVQByCKqhNR0nequ3H8HTpHc2lH7Qw2dxcViReiYsYmmmWyajxxKKg6d/iopoowP51JOeCif8X64MbiqlndIdad5jJz9INtKWMCQC7g6Fx76OwiTEHf3kQKJNZBQR2mxvcxKQBSR49gpdaik1LYYxrB+CF0wSoiJQOX0zJpepQRsu2/IBL+CB0ARZKDR2GaImEDjIcdGq5IIeJlaqcmVoemby4I8VNlR+1RoDmRHLPoA1u6zx6IY5Vi00JPXZAljs7mFGgjanjAnyzwFaSnKK0PAFzWONr2j65J8SvwDV3zQXZ4EF6QOYttxNg5Amm0T/BYn0QD/PgqoJGq1+1PB0iYP0LhkufS+nzAHIngz3BKiLKOj4jsuVM8Brbja2fmd572NYxjjOa90vd/IdO2swWN1jFw0B2+mpVvW4sVU1/TJ5KITjmC1F2mn9iS8HebAk8YMafTeQGv3MQBYnYAlxchGjiOv10Q=
아이폰 14 프로 자급제 256GB 딥 퍼플 MQ1F3KH/A,"1,615,680원",https://cr.shopping.naver.com/adcr.nhn?x=D%2FsljA6Drk0%2FASKiTgqauP%2F%2F%2Fw%3D%3DsySzdFcoim6%2BLTW5ifrHjHVqi3jOQgI6Iuhu0mXtEUaVGjrUjzI8JCL0SQIFxMKUA0%2F6h1%2F8lzAGd5f4lPoIyzqDbtQMiAam2krzhoYyud9ZvMZsjBc2hAMGLDZBOFsLkcKYoNLBWDhbUeG0wtu%2BWhFtkimzIkeYH30lQc74xa4rHldO2tJxtiPUosJW%2Fk7HPJDglKvnoWzE3NDAGZStQxa9o1rvI8nNLYdEEnQA12ernO3uDeFDvXiZXToPSrz7Pz4k9FP3H5xTqkUfSX10gFOvQJz3DNpVa%2B2c0X2jMTtTJ7F4d7Sh7KlK7h5LtCsEzp2%2BIBnDe3XtMEWddkIF1S7XbfZOvBzRWsFNNN1o5GMmoXz40NlZDzZ94MftQnneTXXw6fT7g5Pvp0xfXbWCxngez%2FY8eSma9aMvarLWce5t6nS2iHeApQaohpOu7k%2BbyKry%2F4lrNLphBVmHV0J0ot%2B4mGcLM55pRFSBsTnJmAyhs3H4AyofDQ%2FQCOSQkdG3yunEdrsiS5uWQ2GTvLVCVWpHCYQVNLk1ucTY4Z7EtU4XzTVm9Q668QcAKaGjekgjhMT33UjmfkzxNmNSStOL4c9W7cbdfV7agtA%2Fd3%2BOkG%2Fnvj8e7sugChMtFV1SFEon1a4EqCRpm59qJvcu8KVST%2BEibxauJM7Oih6gpFOKIjpF8CXl251OpmWizflz2KEWcejzA5r%2FUSsVvOWL4v5GYKCN0kVUn8WgCC355g86xbUrHICEQpPL7Rm%2B2fyhjEhHR&nvMid=37132609782&catId=50001519
Apple 아이폰 14 Pro 자급제 128GB - 스페이스 블랙,"1,433,750원",https://cr.shopping.naver.com/adcr.nhn?x=22TXG1AUICqULkPZUCnw6v%2F%2F%2Fw%3D%3DsTdOjQT%2B6XX2OKCSNXQ1%2Bmf%2BgahJfXdtwPL4BhHtVFLFHDJsKgV2dQLI4PLgR0HubM6PTaxTdOuEW2QwUT0Ie%2BeozqE7AfU%2BkcaAxI3wSFpi6S66a%2FEgXoiU58ns9GinDVW2g%2FidNxudwU8WAIqB9B39jBvQF78L7i7pnL4F1ZjMNaLo85e6Ha77aQ4Q%2Fp7sSCq3iKqLj%2BRWT3kLVMX8TXekSNl5lZNlcpQRgSYKarc185D9vFTYp%2B5cDm%2FV8jVkzlEVy5Tx9Q7q2FTe1RtnvOquKWQN4b7WstTXVRp4V%2Fd2Kx7G3krbJiQXzryuwwOqJa4WpCz0dUKIYP3uq5hrlZnh%2F1zYszpONtio6nm12bl9%2FlLnJwMa7Bt8R2%2FUDqQrChsx%2Fuhf7GwWlKFiiOqoY2cQeQB4NxSYMLenS6NsZ1jIhXHOOZMpJ80X5MRT9vzbWNbNM1y9FBohZfenHaXfDPjqKFV4Sxm9hYNmUET9OgCcBoHthD1pDUGoSkeOCHNfmlWthMkNPBSzhW%2FgX2QhEFsJGOPL3R%2B6j4TUmFzLSsiSiWY%2F%2BVaTbFdRf6XuM4CyqjwYpjw2cDrbWY3K8FHJWfQ9yJLQFkSbRvna5iwXZl%2B4moPehi%2FOtiEpEmIkoAXQjaGimR4pR27mrh1IoDTOSgA%3D%3D&nvMid=36218069026&catId=50001519
Apple 정품 아이폰 14 Plus 자급제 옐로 128GB A2886,"1,350,000원",https://cr.shopping.naver.com/adcr.nhn?x=Ybw%2FkorV2pyu8vyH9kvLqv%2F%2F%2Fw%3D%3Dspd2tCWd4Qjq1rZwH7%2BcuF4Tajlso4sG6k2yRLZaLQotHDJsKgV2dQLI4PLgR0Hubfb%2BfVxY7AE4kI8x9E30NquozqE7AfU%2BkcaAxI3wSFpi6S66a%2FEgXoiU58ns9GinDVW2g%2FidNxudwU8WAIqB9BxzWbUP4hsfkDiMh%2FeiprrdhOluJ1tWQQiXRTgst1zfM%2B%2FTDeILuU%2Fmpxk%2FADkzP1IKpKpw9%2BYoMuyvTwLBadIQKKb7jqjevzWYT9gYAysvF6Q9NuYMFequas%2BA06Bqn5G5L4refQ%2BvTctAH9%2FGSpTgciFW6ELEVX2XfvuO2pWAfcI1SwjvbV0MsmjZeWrxH1sCBvacBshbm7ZDG%2Ff8pkkvBz7%2BORHa%2BX777%2F5U82WuFJ77Bae5auL6t2KVpgkjqwEuU4LN8SIZjhbwm4u2N8nuGpC%2FCZH%2BqVPSNC41s4%2BvCGqgPXrSwVXWVkNiEfjF0SFVgcW4VLqBXJ5LWe%2BMaNkdBBbYLgF%2FlaAuPEUA1EI7LivgZiHuZEV0Ts8KszNVrQNGFiUq4uGtMR06aApQ0KDKmr5mgrsoumuSbCKY6QiDIzxNr7T8Fy9yOM62b4T3Lau8arU7hx5tJtnxRrQQUWmHTEtSNu%2FR2oZiTxlCWl6d3dH0g2z1mnGI56RXn%2BRsxcekM1tmjkRH%2F2Yw54k6MicltTUL71ifwWSu%2FYrQ8shRwA35CyMrpXQUt3%2FJvHupy5s1ITc7NlRPvorKrNyQBKaY%3D&nvMid=38561975201&catId=50001519
아이폰14 128GB 선택약정 요금할인 Apple iPhone14 256GB,"919,000원",https://cr.shopping.naver.com/adcr.nhn?x=1myQot%2FaOSGqPGk4jBMkav%2F%2F%2Fw%3D%3DsdrmmXfXg5y%2FlPps7OJoHt7kic4fnU6GfWscyWWLQVrK73bVQHldJ9ftGXbklIZwQvxLeEuJ2PyQI9aaqXHG7awKDqOlikfBjQp9yVpGYkhVw3XGe9FiEvtnLUcjY24DD9S5WYpaOopw8KoTexBqmc6o5YEmCu22RHk6o03pGxHyr9N9rARz1GwL8SD%2B61y0r6oDXWYbxBf1V9%2FLWXTf8h7eraYBnm%2BB5QtmmM6rp%2Bx%2FBthS0rh%2BMxgH%2FrGcy4zjz%2FOIq6qLqW%2BXB7aAhUB%2FZQCVdN3LpKf%2FbKuiZi7z1XJSN1%2FlCwd3BreXar5en27XB8q7uvYZeMhTJiju%2FWHNyYF2IIHHyb4ru3xG392XHuz6leMfbImiMBEir1z3rosrSjB5%2BwQwTWqlzZqCmwHkzL7vqp9pJ%2FkS2yhpWA7Yic4vQSE4r9ZK0ta8VkbTA6%2BmQq1DPpcJ%2FiaDNw2JJ%2BaHojrYUgI5tcuptCk4Qu25WyjddnvoolkKVNouiKxvFitIQ8PYChfOCBSaeRug5GWyzJTzUaLji1QUfW5FQpucBI9D0I3%2BKyVeUCuENrJ7Vsoh4MHlDZCzlSLYxrKk%2FgBY0SCZ8hRGwjdfJMd5ErC7sR0YOEsHC78VBLnFZh%2FnDobeN&nvMid=33319329622&catId=50001519
애플 아이폰 14 프로 256GB 미개봉 새상품 자급제 통신사,"1,299,000원",https://cr.shopping.naver.com/adcr.nhn?x=fJIRzYUaJljrG%2FDtLbwyjP%2F%2F%2Fw%3D%3Ds4P9FKx1ZcpV0qekWf5V6PA%2BHgrqsuAsYCHTJAnaT2KZHDJsKgV2dQLI4PLgR0HubjFEdpc3qXXeasP91ZJbxxeozqE7AfU%2BkcaAxI3wSFpi6S66a%2FEgXoiU58ns9GinDVW2g%2FidNxudwU8WAIqB9B0S%2BortKzfQDWBF5GV%2FKfqEhJv3ljJo79VVIpj6%2Fm3WOxvKBkV%2BxLfo%2BDKOhu%2ByhM%2BMw8i%2FtNDS8bO0Kxk2GkPND4P%2Bj2CVvS6QkrpszyaIoCuwrUM2Vi5bq9fxYHuPhKQFl1aKl5K2WMpvLUpM%2BhtgLkEFtd9rAzhud%2FMSypYl96nYt0P5vFdgOY0ddt5wMGfIpHRP%2F6pmYlNRyuofzcoPgg3X4x3T5JtGkBFuJZVM17Q7vCb7rsmRXjXmutGXYqUYv9Rjr4IYaGNTQ6vxft%2BrbY4Zt7%2F15RmmNrMbKFKOW45GFlvfHh%2B96Z2ix5bbIdDkjgYblxW3o%2Bfj%2BGVN4UGTVrtQEtZmFhgfdFnM6AN0tZrGQZqBUS032F4kcjGVc8dOf4i9zFrBXE2548%2F2S160qU5mTaVtnZDEAidYUA7UG452ioAVMiiiIrCJ1OljuKeTBqzNEwZDwW3F%2BpvwDnV%2FHICEQpPL7Rm%2B2fyhjEhHR&nvMid=85782486887&catId=50001519
Apple 아이폰 14 Pro 자급제 128GB - 골드,"1,371,750원",https://cr.shopping.naver.com/adcr.nhn?x=MLCdfKLvm8OqbVbUdiCP3P%2F%2F%2Fw%3D%3DsMFkf1Ol9%2FrhqRxICkZaw2OpIwp%2FH%2B1RwU8phQYHDEkpHDJsKgV2dQLI4PLgR0HubGeteBXqoK4lJrXposbPhFuozqE7AfU%2BkcaAxI3wSFpi6S66a%2FEgXoiU58ns9GinDVW2g%2FidNxudwU8WAIqB9B39jBvQF78L7i7pnL4F1ZjMNaLo85e6Ha77aQ4Q%2Fp7sSCq3iKqLj%2BRWT3kLVMX8TXZ%2B6EnjRaH9Whuhu02Qak4W1fl853n%2FGktDSzv1UbjnTlEVy5Tx9Q7q2FTe1RtnvOquKWQN4b7WstTXVRp4V%2Fd2Kx7G3krbJiQXzryuwwOqJl4pYClhebztv%2Ffdojk%2Bt3exnUgyrVP3TfREEaUnVy0N%2FlLnJwMa7Bt8R2%2FUDqQrCuwLMymRf208mSNlICpeFo4tOb8x%2FGkxuPdj%2Fi2GAcs8hXHOOZMpJ80X5MRT9vzbWNbNM1y9FBohZfenHaXfDPhr1GuKR8IxWVRxKUyTVGkzuDM4o28K%2BVuMu%2BzkT4qliJkixA%2BL%2B2M994hozWgQ8CPsqYvuTkk5Lq4YRYVpCGeQugiDh5S8n%2B7Rc0MeNuzgdgNyfqGZ3lobrZ9rkeHHOCgHA%2BSaW6VBZOsJIc2CA%2Fdbke%2FVP%2BgM94BPZkP5YJ%2Bex&nvMid=36217175773&catId=50001519
아이폰 14 프로 256GB / 극딜할인 / 플래티넘 기준,"1,357,000원",https://cr.shopping.naver.com/adcr.nhn?x=TdP8wYvOo0QBXqZI3H1lYP%2F%2F%2Fw%3D%3DsIW9wrgllIOsCsTw1orvTBAkGNX0CglNHeD%2FabhhE94VGjrUjzI8JCL0SQIFxMKUAFgJCxrzUzsxADxaQ0NvyfAZJ2uAA2oeCXI40DEYomMlvMZsjBc2hAMGLDZBOFsLkcKYoNLBWDhbUeG0wtu%2BWhNpOXGIQGWSg4Yb%2Fo%2FLUWP%2FIrXn%2B%2BdRQEFUT%2BzIRityWK%2FCq3eIdvQ4Qfo%2BERJOR48G2FLSuH4zGAf%2BsZzLjOPP84irqoupb5cHtoCFQH9lAJV03cukp%2F9sq6JmLvPVclJmvFGIKV8CAh%2F0mEeQMdGH6cs5qJUgftOaadv2xg22%2Fx72P1MzfeDsyK%2BcBtz34gMAEycR02yzCaldIfzHC4nTs0kDJoeVFmsoVFyi6R6JAqwYTi7LGEqxrZHuGC4DVVWi8i8qszUgR46nJpE5ct04A%2FkxwKRrjWX8V8yl4omW7kbZeCgGMZ56X5VkpMlf5Evq9K4SCdCU91Y6TIXWuJvLEsFsw2seSdA6J5VA0hcr6PNRouOLVBR9bkVCm5wEj0PQjf4rJV5QK4Q2sntWyiHisrKlfesf0xXo7%2B%2Fs5S2SsuAnagAeHGJDNEjSI9rlk%2BQ4SwcLvxUEucVmH%2BcOht40%3D&nvMid=34988188025&catId=50001519
[아이폰] 애플 아이폰14플러스 128GB 미개통 새상품,"1,146,000원",https://cr.shopping.naver.com/adcr.nhn?x=UebkPI6Y5ehkBWrGSHkkQ%2F%2F%2F%2Fw%3D%3Dst0tZ%2FObGMg7IT0KHtxAHajU6CwRCT6xvQKupAPbx94BHDJsKgV2dQLI4PLgR0Hubqbw%2F2FyEp%2FJu7KW2DSQSHuozqE7AfU%2BkcaAxI3wSFpi6S66a%2FEgXoiU58ns9GinDVW2g%2FidNxudwU8WAIqB9B8Qfcp7YXkf%2Fu%2FXnNGbHLRRWR7fx5yQI121h3YIs%2BgYPxrgbkemE%2B9flQGh4zPwRSeGXaoj%2BpZeuESWVnHGLXIYP6qQwn%2Bk7gURnJXuYMO3xqC6IfftJ1ok4TummOzGU7k6ii1zdl%2Bg3w9%2BT0Qk95nddfDp9PuDk%2B%2BnTF9dtYLGeB7P9jx5KZr1oy9qstZx7m87JTNKR2zTLmRxTZ128e5kURp2nXjIwvKRAP%2Bv92igjXa1PYAb0zmPF1cRoKRscXZ91kmSbdHrhzNt8mSZ7AB4mfSpip%2BI0M78JQTGHq%2FYERJEGEM279dXJHsRwRUYWD3woIi5WCIlKcL9MfdJdHHgb2%2BxtroEyqh%2BWJUgI5fDz%2FDGUdR%2FG69nRDZZEiNzRCYbD0lQ0LOc6bS2L%2FdkB%2BXgglUaJ7UwgKcDgzC4D0VH3KHRfI5SrG%2F7ESmXpa3Phphpne4ZKTIn%2BfIpXOZPyXkV8CXl251OpmWizflz2KEWcc%2BjSMZNB9O8C%2FZLs5ojBgQpDCS72Qb%2FmkhkzOrjS17nHICEQpPL7Rm%2B2fyhjEhHR&nvMid=34972132757&catId=50001519
아이폰 14 프로 자급제 128GB 골드 MQ083KH/A,"1,473,120원",https://cr.shopping.naver.com/adcr.nhn?x=jLKI0deGjvj%2FtYwIrosLPf%2F%2F%2Fw%3D%3DsDV8rByeIGfgrlK8XFO99ItoDHj6%2BXia3ecM%2B6VDOOsi73bVQHldJ9ftGXbklIZwQBCx%2FUHN9eRXGA5W6II2vqgKDqOlikfBjQp9yVpGYkhVw3XGe9FiEvtnLUcjY24DDcITvWPhUzkJ3jPbxOVX3E%2ByBoNC0%2FiRMqIA19FGGfWevW%2B2V1S%2BDZFDVz5SP48nqWKBDHpeh4Ry%2Fitho2rAb6i1rNikbyXVba6qYcyknty9%2BsskCGU%2FbGn5PtEhzOz6Y5vUH%2Bjf9IeUWT%2FRovt5iekNSGFqc8L6mr9wH2DTirM0RCib9aWX6SACzkb5VmLsTkQe85rwE5KLxb71SEIWh2CJC1UTRg87RL1Af0wUp4v7jMGp7wHp5FsvzY7zpFcgB334rL%2BbR36BhYe0R%2FrUmjgBSTS1sRv49oBHxm%2Bxq6HilK6F7vMp5ZvEtAeGCV29UloOEZsXQaJw1n2%2FOLYUlpth70KxtauexuiiD73hEv8hQV8ssd1xsmzmIWcR1R%2FcMoE6EVNeDFHARB7icDm7acSGUMpNt69n5QvYmr0Q0ol%2FV25r29zLXEdC%2BAWlUyQKJko8UZSITcKVR%2FSN9xk4aKt%2BsQq9J2Xiefa2%2Fj9pkTB%2BnSpcVxHKnFfBSrneEWiaZSrsR%2BxV28Iy0Y3wmqWM%2FbWtY0vFGtYcImi51jMcKK8ZJE1WGyJPlOaTEzn4%2BfnsHzXyfJ0Ffvi5a2KnTIPi%2FmcsTe7KMH92wbM0zhTUMbwkNUJgJp6CUXauCvW7Y5AjN&nvMid=36883807864&catId=50001519
[대여] 아이폰14 프로 렌탈 무보증금 무서류 카메라 캠코더 휴대폰 스마트폰,"20,000원",https://cr.shopping.naver.com/adcr.nhn?x=Zzz0HnhrW4%2BsS%2FWCzld0Xf%2F%2F%2Fw%3D%3DsWUNA2S%2FxFjGYPV5ZEwabMvxtkhznogtNf%2ByohqvQe45HDJsKgV2dQLI4PLgR0HubwQTjVajD0M2tNl%2FWNqtCoeozqE7AfU%2BkcaAxI3wSFpi6S66a%2FEgXoiU58ns9GinDVW2g%2FidNxudwU8WAIqB9B0S%2BortKzfQDWBF5GV%2FKfqEhJv3ljJo79VVIpj6%2Fm3WO2HoGosY771V6h6a%2B95ccgOMw8i%2FtNDS8bO0Kxk2GkPND4P%2Bj2CVvS6QkrpszyaIoCuwrUM2Vi5bq9fxYHuPhKbV%2BJsNfzwPi6tvQKvWjuh6yep%2BBXDX0AaxDZGpKihEF2HvQrG1q57G6KIPveES%2FyB%2FlM0%2FYuoAzaTJ4vluH3ZWsaLITrNCvNKnWGTYtHausulMEX2yhaHPvNg89hT8kdnOYR6hYv4N8R8AQ5xbX8n2lZixXByQPBAdYFxon3JReY5oZP2xHnB7bhD%2BM76p2r8oDVQtjEKIFsZZl3ylXUokO4J0%2B32q%2Fp6V99epMUDBk2p6qr%2BAkBJIjSdH%2BkxUEsKXSMfF8PMrG2QoHs5sqgAs5yToEXx5powcAiNDinQy%2FTIETHLNys2o0jgmxqRUJqDmJxhL%2FD17HPW9BVpG9hMU84DDE1uzJ7hC7vp6VIYbYjgAyKuWT6iX9mn%2BkvmkU6B0cjwVm1BUYVknE7IEMpz4%3D&nvMid=84914932359&catId=50001519
애플 애플 아이폰14프로 새상품 미개봉 미개통 128G 256G,"473,000원",https://cr.shopping.naver.com/adcr.nhn?x=SfKMRQFMtNs1R6vrmY8def%2F%2F%2Fw%3D%3DsPTfTkM%2BCfqYp65zZvGOrh0xLp9etJKb60sPhOyLHqSu73bVQHldJ9ftGXbklIZwQzR0UaY%2Bmb9LeSDRs%2BMK47wKDqOlikfBjQp9yVpGYkhVw3XGe9FiEvtnLUcjY24DDLtlb93irykfSvQpTyp2jTKTpxbfoHADdec3ikk1uWQJ0tcNCFPkWS7FzyCZSjkIJSmkbWith%2B6avutwG%2BE7hLD1M1gTK26GkRhI0XkjULxVYXXg1EGdRGJzSs5OW%2BLIZpOr9sPYwajBkeE07IGGkJ5SCPsmGKllbt0kl8XIxCXQnvOjoJg2OZnUr2bZ%2Fa7lUXa1PYAb0zmPF1cRoKRscXVTRsY%2F0kgK5i4y0r4XUP2RQImA8zBvAXN4jMQYJfurW%2BGiFa2XxLLGv%2BQzPUXU5XWZTzQm%2FJCTPv1HJ4ZwU%2BN%2FTlAtJR8ZbP2ECh52HVR%2FIUkj8F%2FWRrjogX8G8iNWp3v5%2Bc6PRKo9PjuvIrNASngKlkX647Zdjjw9%2Br5Mcvp%2BaJGLpfSlelaNO9RuNNUHolaOuBZD%2FQkGyMe53inOjnLVpENE%2FgGJ0MxFp4zMeIS%2FL9p15WRkasRdlTayQr6BKyUgDQ%2BlI05t%2FGeKX6P18vJqCqA6%2BrrPkSkQjk3bFq%2FUy&nvMid=36569685314&catId=50001519
iPhone 14 128GB 옐로 * MR3X3KH/A,"1,250,000원",https://cr.shopping.naver.com/adcr.nhn?x=PD2BFwDabKiLp5AbOYGkCv%2F%2F%2Fw%3D%3Dses0RbW0Yf3n5fht18G3KUG1gGZPy%2FyGbN7U8NFwoWPxHDJsKgV2dQLI4PLgR0HubhOx%2BThLW%2FjEhXm88zXM3feozqE7AfU%2BkcaAxI3wSFpi6S66a%2FEgXoiU58ns9GinDVW2g%2FidNxudwU8WAIqB9B8SvLBgHzKZvpBis9wewUN8KcXDmoMbfHmetg9%2BZN8TPcihGAqJwxu7B392XgsgL8YiL1AFlUfHX8PZ7%2FUd4dHaj6LvwwcArB%2B1H4uVhUHDH7xTUL%2FvpKON9AXBjfk3K4jj9mWlaui5pNyhB0OS7qECIdQ3K0oN0QjL%2FIsqkueeZMD3Ci86OXeUp7%2FpumNNmWOMw8i%2FtNDS8bO0Kxk2GkPND4P%2Bj2CVvS6QkrpszyaIoCuwrUM2Vi5bq9fxYHuPhKXaZVK1UKArk%2Bp6TSy01Pw3Eb1THCm%2Fa3yRvvs1l2p1n2HvQrG1q57G6KIPveES%2FyIuAP7Grri6nK2ZoK9VqDOcxX2xeVez5Ko5EKVaB%2FXlHWv5qMAiSzGUtV01qEX42QKKt%2FZz9ebfxpiDvLcEcIFfx9lkZjnqX83WyooL4bSga8IqFDwdOPZfU7IxZEVoWLjzUaLji1QUfW5FQpucBI9CGAv2xA9xguVkCJJpofd3ukjFRa9zyuhST911vZMXmbFZU3lH5kxe%2BLu4V%2BSqcKCMOEsHC78VBLnFZh%2FnDobeN&nvMid=38552303405&catId=50001519
Apple 아이폰 14 플러스 512GB [자급제],"최저1,668,000원",https://cr.shopping.naver.com/adcr.nhn?x=c5H0v4Wowt05Fx6dKWnns%2F%2F%2F%2Fw%3D%3DsjsyoP7fNXUIJYLrV0B3bfcwekQYbPHeD50kFqCrEzihHDJsKgV2dQLI4PLgR0HubGpblEsJjBnTUVLIjp0JdBeozqE7AfU%2BkcaAxI3wSFpi6S66a%2FEgXoiU58ns9GinDVW2g%2FidNxudwU8WAIqB9B99%2BKy%2Fm0d%2BgYWHtEf61Jo5CNclKwvLyA%2Fys%2F%2FHPPajLk8IJ%2BZwIcx3y9eIrd3Id5WNmcbgLr0lu2cCLGgyX7c9vsepmwRk8o%2FCB4DgHhnjVmBpyXrUB5w%2BA%2FE%2F%2Fw%2B6ZQquKWQN4b7WstTXVRp4V%2Fd2Kx7G3krbJiQXzryuwwOqJjL2TgYmXh8deO9VEiGiqYAy52AiLTdoW19Xzch4ilJ5KjRp2D9pkBhcJdqPQCXkT2ufMqhuylk0kNvJlznF9IxrtT%2BTz3jF4Hp5YfXYmeFcLSv5SYzis5SVdiBAX6a8Rr0k4fbUQlS0YpS9PzGJMP4DRbY4zfHSMrjMTvdZQrN8i5HSrzhhCOMWuXdZxvGXvsJT0ZgeEIwOZ5ylMi2bVQwViUJjCrIk7TcXDam1BP3q67qFZNDARYcZkRQNTwYwpyt7L2FlUds1GUFicxtQOgo1Z0Ml6IHQww%2BT%2F9ZJHcu6apVz1Kjtw%2FZO82IfN55ljgqgOvq6z5EpEI5N2xav1Mg%3D%3D&nvMid=34562442621&catId=50001519
아이폰 14 프로 자급제 128GB 딥 퍼플 MQ0G3KH/A,"1,473,120원",https://cr.shopping.naver.com/adcr.nhn?x=rAznT80BkbfXx1aVaKxk%2F%2F%2F%2F%2Fw%3D%3DsZ4aypMdZIA0UEYRrfpERh7V6IgE4o774xWs4acEIIGK73bVQHldJ9ftGXbklIZwQvBMF61%2F3Jpm1LwiT88jQTQKDqOlikfBjQp9yVpGYkhVw3XGe9FiEvtnLUcjY24DDcITvWPhUzkJ3jPbxOVX3E%2ByBoNC0%2FiRMqIA19FGGfWevW%2B2V1S%2BDZFDVz5SP48nqA1oZFHvcczLR7grCwueo7i1rNikbyXVba6qYcyknty9%2BsskCGU%2FbGn5PtEhzOz6Y5vUH%2Bjf9IeUWT%2FRovt5iekNSGFqc8L6mr9wH2DTirM0RCib9aWX6SACzkb5VmLsTkQe85rwE5KLxb71SEIWh2CJC1UTRg87RL1Af0wUp4v7jMGp7wHp5FsvzY7zpFcgB334rL%2BbR36BhYe0R%2FrUmjgBSTS1sRv49oBHxm%2Bxq6HgsFlTK8wTsH3yBJx3gvuqk4lypYOSkUqONutWEcysI%2B9h70KxtauexuiiD73hEv8jLrcdi2fCgvdQqct51benGoE6EVNeDFHARB7icDm7acSGUMpNt69n5QvYmr0Q0ol%2FV25r29zLXEdC%2BAWlUyQKJvjZYYjz8dlmzUI1hpUa4sAbzUSlKrPfJSRAxrf%2FEJtdEWJRtJFDAn29UzatfRLV%2BZYBbJokXM8x2PRK4WBSrfkeqQ4ds4Zo1gB02W4mJEJnIMPbwIHpFwr8GlwDYslGRZC7We1CrvD6NkVOfheUxqJGSYhcuV71BJXYUlqvKdteCqA6%2BrrPkSkQjk3bFq%2FUy&nvMid=37235501464&catId=50001519
Apple 정품 아이폰 14 자급제 블루 128GB MPVN3KH/A,"1,162,500원",https://cr.shopping.naver.com/adcr.nhn?x=t74rVEA3%2BoVDxhDnZeLgK%2F%2F%2F%2Fw%3D%3DszlUIFPkaBiiVW%2FGDg5cNtZ4OHISP45izPPJLTR5YsUZGjrUjzI8JCL0SQIFxMKUAErU%2BLBceQ3XVgl4J6vdvEWSGvA2dNZCN9VWlIxUfsCxvMZsjBc2hAMGLDZBOFsLk3LZsBn%2BEzG0j3jxKfp%2BNnuPYFsKOGABFhj5ZzjFkFAeKjyp0s01e9YG50wI1msUPsRsq9S%2FXH%2F5sh3cOefH%2BwunyX%2B9Qa9g%2BZGdaum2o8GfmJqKy0SogfMQQ3fcpRrAFtgoTf9jfJ6FXC671HjbUygZVqH%2FtOqpMRameH%2B7oO4a7MaNm8jFjm3nWh8Ug%2F5vqUsrYnOUkXpLm%2B2sJX8u3DMyyosh6k%2FtGQ%2FKTGNXZNk9r6kdrp7BvT8OlwZ7P37YyZp%2FuhVWf5tMOyu5R2EADu16QjDiLSwCO60XdJSC9pbbMG0xAK9cFbztp9AIDgfdSbF4OZVL2Q%2FcwuxYvViSThwq1gxsy8WZy%2BGjvqPlxA8PUl1Mb6CmDxR1AktcPJbKn%2BB4aYiX%2F4hZW6QlF77SLsozzq3srtgQ0jDd%2Bp5eVmMq0mbjEXwMcQAHCdQgeBylQd2dnzUrLALofCHHoU9%2BbRQpJP%2FCoHVFom%2FsWORByYZlk3vBZF0Gabf7ttbArlBoQa1jS8Ua1hwiaLnWMxworxhBnspQe56%2FXjNlrVAlVHVZ8umQkpkuTay7zORb3j8cA86euOFlqYxGW3xtmz76xsQ1QmAmnoJRdq4K9btjkCM0%3D&nvMid=34974769381&catId=50001519
Apple 아이폰 14 Plus 자급제 128GB - 스타라이트,"1,215,000원",https://cr.shopping.naver.com/adcr.nhn?x=pU4xYvB2ixT8jyJaaM1BA%2F%2F%2F%2Fw%3D%3DswMjHQdPCUuJJSQgex71NQAVUA11cH8tv5tlpnRNuR8BHDJsKgV2dQLI4PLgR0HubYSA9TOuw8YUOVrC98R1QbeozqE7AfU%2BkcaAxI3wSFpi6S66a%2FEgXoiU58ns9GinDVW2g%2FidNxudwU8WAIqB9B39jBvQF78L7i7pnL4F1ZjMNaLo85e6Ha77aQ4Q%2Fp7sSCq3iKqLj%2BRWT3kLVMX8TXYboxBoUha%2BT7RiGm%2FBB1fm85%2F2HG2VUGQir7vsgG2TMlEVy5Tx9Q7q2FTe1RtnvOquKWQN4b7WstTXVRp4V%2Fd2Kx7G3krbJiQXzryuwwOqJrMdSUn3x3wHKgCaywUN2Etv6%2BHep2ObFUA2%2BAQ6i2xN%2FlLnJwMa7Bt8R2%2FUDqQrCJ88MwCJPiKLtin8N8%2FbQpolFYO5RFK3KpS3r0UZfnDIhXHOOZMpJ80X5MRT9vzbWPMMy5McZg1pW6fAVLOFOjJWfxpx30h%2B%2Fcq0b1%2FcB8U%2B0YUq1ClbgAvQ5Uxz2cNbapZF%2BuO2XY48Pfq%2BTHL6fmu%2B9H2%2Fj3d6lvcWQjfxsJRQ81Gi44tUFH1uRUKbnASPQhgL9sQPcYLlZAiSaaH3d7qVk0fTTGYTViWdY2GYb7Aq4CdqAB4cYkM0SNIj2uWT5DhLBwu%2FFQS5xWYf5w6G3jQ%3D%3D&nvMid=38372353435&catId=50001519
해외아이폰14프로 PRO 128GB 미국판직구 e심무음 공기계 자급제 미개봉 미활성화,"1,216,000원",https://cr.shopping.naver.com/adcr.nhn?x=GYYsXTuJl7OPrIGNIpdgv%2F%2F%2F%2Fw%3D%3DsV7PADwZkIosyYoe77Ku0izZGaXNe1wQwHyVkgjbt0aNHDJsKgV2dQLI4PLgR0HubFC2Jdi6nxdiHgTPb%2FBdhruozqE7AfU%2BkcaAxI3wSFpi6S66a%2FEgXoiU58ns9GinDVW2g%2FidNxudwU8WAIqB9B0S%2BortKzfQDWBF5GV%2FKfqEhJv3ljJo79VVIpj6%2Fm3WOcrgN%2BG9%2BZL3Ogf3t7at9EeMw8i%2FtNDS8bO0Kxk2GkPND4P%2Bj2CVvS6QkrpszyaIoCuwrUM2Vi5bq9fxYHuPhKf2y1knwkNnkO0EIo9tnDaSP%2FckmKQb74THdkaoDgUi%2F2HvQrG1q57G6KIPveES%2FyEbLicMHRqrUoeSABWavwpJ4Qd2gqAixatJQcyXmN0lowDibwqr5a7u5d4OR6KBnooWruI53h7C193J%2FtnuyXs%2BVABXYBXGkh2jCCQJXNvrItO6uKVrv9hHUcAG3Sb%2BDK4LZZCZjzVE52Kpl%2F9Io6W%2Fy79NY7JzDU2Ww0SW69%2Fd9Nk9pwdeTryACD2WNoTGThmSSXQIDfaGmLXq7HItHyhui1Pm4gkE3o2OsfjWsOUiU25jL%2F86Zbimp%2BXv1jJxLaLrXG77%2FY5L3dXZpMPwsZepAGjiSCROE4xU5%2F9AgUAAZLTwVw%2FWr80eMo6YK9R935EHQIiXcF4qwUXZ2sX76wW8%3D&nvMid=84824271139&catId=50001519
애플 아이폰14플러스 128GB 미개통 새상품,"1,054,320원",https://cr.shopping.naver.com/adcr.nhn?x=svYYQUVkqarFzHQd%2BBBuMv%2F%2F%2Fw%3D%3Dsp9tzbWvjM6%2BV3jK1jgerM9c%2B8SQdbdnZhNSdVD3i%2FSpHDJsKgV2dQLI4PLgR0HubknYrbHWZ0ll%2BdscrPD%2Ft9eozqE7AfU%2BkcaAxI3wSFpi6S66a%2FEgXoiU58ns9GinDYkfyZ5n73EFaA9AR%2BnFH4Vi393%2FfVqWWsor6vo8eno%2BO%2FsdgQE5FIA0Tw1QMogpFiz6lFkWl3NXyExRMDxx1nD3%2B3pjyFgLfCJO4xeTgDPVIS9JXTdTspmDlSE6%2FyFaHwIG9pwGyFubtkMb9%2FymSS8HPv45Edr5fvvv%2FlTzZa4UHkAZmu0QBFfYln4oHS7GvI11afz1V1RjrLPvh8Mr72VhkUshswqQI4dLspz8OD31RvtNOct0CBL5NzzLEm7nTX%2BSEP2UF7siSyRAKW0XcU%2B0O7wm%2B67JkV415rrRl2Kkb2%2BxtroEyqh%2BWJUgI5fDz%2FDGUdR%2FG69nRDZZEiNzRCYbD0lQ0LOc6bS2L%2FdkB%2BXjsa6z%2BEsPn9WE7J75o6lziu7R35n8VtBsNfeW3RSYetmtY0vFGtYcImi51jMcKK8YBK%2FE%2Fz0%2FZyynonK4IimCtvYAHOfhKtFO0OljyauyNmJy8sARekz3cqx4uaUskJFYNUJgJp6CUXauCvW7Y5AjN&nvMid=34961517837&catId=50001519
Apple 아이폰 14 128GB 새제품 미개봉 미개통,"993,000원",https://cr.shopping.naver.com/adcr.nhn?x=QquLFlF3Q%2FW73wFg8Cwzof%2F%2F%2Fw%3D%3DsxZ9eUSgGoEbm%2B1a6EtbAJJ%2F%2FZYKjU9YVuVsmCbD44oi73bVQHldJ9ftGXbklIZwQh0DNmqrKdbTPFL19UEH75AKDqOlikfBjQp9yVpGYkhVw3XGe9FiEvtnLUcjY24DDeIF0Sc52OkEGzbkFg133dcVIhUTYq2J1wF4XcKD2AOWkOA3ZateG%2FY8eKxwX1E0NRUEqqPi4mo80RNCFpuelk58MlRam9oNFM4tpDgviRA3DpmNu2Rs3tEPrV0ZTODsbWqyaFa2xLbpwGCJChqMDquOJWsbv9r9N%2BREfcFTOZjSrHLfjbWQaPaxCSFKWgToBG1fUqIZ7CTqeNBeEUiuIjWtIAqAG%2F7bK3e4PcTlsimTN81WjUpxJVJrN5mDsz4BpExR1X1beoq5oOGk6Efw1sZDFryUF7P5TbndB6HnIpf%2F0NquZnTnp4fUNMmP5Y3hANQRmOv5hONxOLbJValw249EzwykXrus9DOgC8cS3ERaNz4HRT1S0RKTptFnplpZbkAlOKwPahCEyYd9E%2BlamjiCYFBCZbi3q4Y3JXbtZTYcBNDaBifM3jHLLhNPpmWo6mqVc9So7cP2TvNiHzeeZY4KoDr6us%2BRKRCOTdsWr9TI%3D&nvMid=84939743818&catId=50001519
기가차넷 아이폰14 pro MAX 아이폰14프로맥스 256GB 기기변경 미개봉 공기계,"1,592,000원",https://cr.shopping.naver.com/adcr.nhn?x=JVW4XpwTGF1oh%2BGDVOjz5%2F%2F%2F%2Fw%3D%3DsE%2BFXphUJdfjExVZmSWySOQQ5dPNGPmKTw4yMgenHmDdGjrUjzI8JCL0SQIFxMKUACRrg6CUnX6LF0ElLrsWApJzapTHtiw%2BSE5RM29L70ZNvMZsjBc2hAMGLDZBOFsLk3LZsBn%2BEzG0j3jxKfp%2BNnsmscUZuB%2FB3GA4tAdwd4kJn0E%2B7lsL8Xc%2FJzL4VwihdHfWOcaQ%2FvDhngJU6t09gTL4D7HQCVyANJCZsOec1dROrCRdUxvA177jl0VodmokhNUJnit2TyE8yh3GxJ0fiPIh75QbM2Q4tPnnuqAWoZBI%2BCKHytjujrhL3F%2FOETyLOx72P1MzfeDsyK%2BcBtz34gD5Q4JHQZggZIZlxmNhbwGyGegHUos0Cvt%2BPNQ2aUbv4Htk8JMLWQAW5mvkQ%2Bhj1yIT%2B%2FvkecETDub3t7ynTjenCqQBIaGRC3B%2F981bXfx4K43b3ykA%2BE%2FWL4GziCqLQgiYLIG6MSvEvcmGDH2uwL2XnMhnjYbFGVtQTw7CKgHdt5Fri3tfmPC3aMViPdfSj7qouIPKQFeK7nYCsjAQmldl8AAherkBXr%2B7U2kUd9x0IkAlOKwPahCEyYd9E%2Blamji6ZQppZORcvW7193%2BmaQGnLXD3smIZGgi6hna%2FIOgxnIQDLpFkbspdGW3jQmAapFIKoDr6us%2BRKRCOTdsWr9TI%3D&nvMid=85418535900&catId=50001519
